Lead_Type,Company,Contact_Name,Email,Phone,Website,City,State,Property_Address,Distress_Signal,Signal_Date,Owner_Name,Lead_Source,Source_File,Status,Confidence,QA_Status,Verification_Status,Notes
Wholesaler/Buyer,Horizon Acquisitions,David Martinez,david@horizonacquisitions.com,+1 470-942-3740,https://www.horizonacquisitions.com,"Houston, TX",,,,,,PropStream Export,wholesalers_final_qualified.csv,New,100,Passed,Verified,
Wholesaler/Buyer,Horizon Home Buyers,James Miller,james@horizonhomebuyers.com,+1 672-538-1290,https://www.horizonhomebuyers.com,"Austin, TX",,,,,,PropStream Export,wholesalers_final_qualified.csv,New,100,Passed,Verified,
Wholesaler/Buyer,Stellar Acquisitions,Brian Jones,brian@stellaracquisitions.com,+1 418-590-4681,https://www.stellaracquisitions.com,"Houston, TX",,,,,,PropStream Export,wholesalers_final_qualified.csv,New,100,Passed,Verified,
Wholesaler/Buyer,Apex Solutions,Robert Brown,robert@apexsolutions.com,+1 618-260-2187,https://www.apexsolutions.com,"Phoenix, AZ",,,,,,PropStream Export,wholesalers_final_qualified.csv,New,100,Passed,Verified,
Wholesaler/Buyer,Horizon Solutions,Michael Johnson,michael@horizonsolutions.com,+1 680-414-1306,https://www.horizonsolutions.com,"Tampa, FL",,,,,,PropStream Export,wholesalers_final_qualified.csv,New,100,Passed,Verified,
Wholesaler/Buyer,Eagle Real Estate,Brian Rodriguez,brian@eaglerealestate.com,+1 625-969-1517,https://www.eaglerealestate.com,"Denver, CO",,,,,,PropStream Export,wholesalers_final_qualified.csv,New,80,Passed,Verified,
Wholesaler/Buyer,Pioneer Properties,Jessica Garcia,jessica@pioneerproperties.com,+1 269-880-4384,https://www.pioneerproperties.com,"Dallas, TX",,,,,,PropStream Export,wholesalers_final_qualified.csv,New,100,Passed,Verified,
Wholesaler/Buyer,Elite Solutions,Sarah Rodriguez,sarah@elitesolutions.com,+1 630-726-3076,https://www.elitesolutions.com,"Austin, TX",,,,,,PropStream Export,wholesalers_final_qualified.csv,New,100,Passed,Verified,
Wholesaler/Buyer,Nova Properties,Sarah Rodriguez,sarah@novaproperties.com,+1 671-654-5276,https://www.novaproperties.com,"Miami, FL",,,,,,PropStream Export,wholesalers_final_qualified.csv,New,100,Passed,Verified,
Wholesaler/Buyer,Nova Capital,Ashley Williams,ashley@novacapital.com,+1 506-348-8501,https://www.novacapital.com,"Charlotte, NC",,,,,,PropStream Export,wholesalers_final_qualified.csv,New,100,Passed,Verified,
Wholesaler/Buyer,Summit Real Estate,Robert Brown,robert@summitrealestate.com,+1 786-992-2663,https://www.summitrealestate.com,"Austin, TX",,,,,,PropStream Export,wholesalers_final_qualified.csv,New,80,Passed,Verified,
Wholesaler/Buyer,Summit Home Buyers,John Smith,john@summithomebuyers.com,+1 780-587-5283,https://www.summithomebuyers.com,"Atlanta, GA",,,,,,PropStream Export,wholesalers_final_qualified.csv,New,100,Passed,Verified,
Wholesaler/Buyer,Stellar Capital,Jessica Garcia,jessica@stellarcapital.com,+1 660-587-1548,https://www.stellarcapital.com,"Houston, TX",,,,,,PropStream Export,wholesalers_final_qualified.csv,New,100,Passed,Verified,
Wholesaler/Buyer,Pioneer Acquisitions,David Williams,david@pioneeracquisitions.com,+1 838-204-8423,https://www.pioneeracquisitions.com,"Dallas, TX",,,,,,PropStream Export,wholesalers_final_qualified.csv,New,100,Passed,Verified,
Wholesaler/Buyer,Velocity Investments,Brian Johnson,brian@velocityinvestments.com,+1 384-489-7018,https://www.velocityinvestments.com,"Houston, TX",,,,,,PropStream Export,wholesalers_final_qualified.csv,New,100,Passed,Verified,
Wholesaler/Buyer,Apex Properties,Michael Rodriguez,michael@apexproperties.com,+1 313-271-9931,https://www.apexproperties.com,"Phoenix, AZ",,,,,,PropStream Export,wholesalers_final_qualified.csv,New,100,Passed,Verified,
Wholesaler/Buyer,Pioneer Real Estate,John Davis,john@pioneerrealestate.com,+1 667-298-1690,https://www.pioneerrealestate.com,"Houston, TX",,,,,,PropStream Export,wholesalers_final_qualified.csv,New,80,Passed,Verified,
Wholesaler/Buyer,Titan Real Estate,Michael Miller,michael@titanrealestate.com,+1 578-428-5795,https://www.titanrealestate.com,"Austin, TX",,,,,,PropStream Export,wholesalers_final_qualified.csv,New,80,Passed,Verified,
Wholesaler/Buyer,Vanguard Acquisitions,Emily Rodriguez,emily@vanguardacquisitions.com,+1 658-643-1144,https://www.vanguardacquisitions.com,"Charlotte, NC",,,,,,PropStream Export,wholesalers_final_qualified.csv,New,100,Passed,Verified,
Wholesaler/Buyer,Eagle Properties,James Brown,james@eagleproperties.com,+1 282-323-6052,https://www.eagleproperties.com,"Denver, CO",,,,,,PropStream Export,wholesalers_final_qualified.csv,New,100,Passed,Verified,
Wholesaler/Buyer,BlueSky Equity,James Rodriguez,james@blueskyequity.com,+1 894-324-6666,https://www.blueskyequity.com,"Charlotte, NC",,,,,,PropStream Export,wholesalers_final_qualified.csv,New,100,Passed,Verified,
Wholesaler/Buyer,Prime Home Buyers,James Rodriguez,james@primehomebuyers.com,+1 929-749-4156,https://www.primehomebuyers.com,"Orlando, FL",,,,,,PropStream Export,wholesalers_final_qualified.csv,New,100,Passed,Verified,
Wholesaler/Buyer,Titan Acquisitions,James Jones,james@titanacquisitions.com,+1 650-224-7561,https://www.titanacquisitions.com,"Orlando, FL",,,,,,PropStream Export,wholesalers_final_qualified.csv,New,100,Passed,Verified,
Wholesaler/Buyer,Prime Capital,James Smith,james@primecapital.com,+1 852-981-6641,https://www.primecapital.com,"Atlanta, GA",,,,,,PropStream Export,wholesalers_final_qualified.csv,New,100,Passed,Verified,
Wholesaler/Buyer,BlueSky Capital,Robert Smith,robert@blueskycapital.com,+1 670-507-9557,https://www.blueskycapital.com,"Phoenix, AZ",,,,,,PropStream Export,wholesalers_final_qualified.csv,New,100,Passed,Verified,
Wholesaler/Buyer,Pioneer Home Buyers,Christopher Davis,christopher@pioneerhomebuyers.com,+1 737-720-8904,https://www.pioneerhomebuyers.com,"Denver, CO",,,,,,PropStream Export,wholesalers_final_qualified.csv,New,100,Passed,Verified,
Wholesaler/Buyer,Apex Equity,William Williams,william@apexequity.com,+1 978-329-5455,https://www.apexequity.com,"Houston, TX",,,,,,PropStream Export,wholesalers_final_qualified.csv,New,100,Passed,Verified,
Wholesaler/Buyer,Vanguard Solutions,Christopher Davis,christopher@vanguardsolutions.com,+1 835-975-4252,https://www.vanguardsolutions.com,"Denver, CO",,,,,,PropStream Export,wholesalers_final_qualified.csv,New,100,Passed,Verified,
Wholesaler/Buyer,Horizon Holdings,Emily Davis,emily@horizonholdings.com,+1 297-861-6948,https://www.horizonholdings.com,"Tampa, FL",,,,,,PropStream Export,wholesalers_final_qualified.csv,New,80,Passed,Verified,
Wholesaler/Buyer,Prime Solutions,Michael Miller,michael@primesolutions.com,+1 408-671-3796,https://www.primesolutions.com,"Houston, TX",,,,,,PropStream Export,wholesalers_final_qualified.csv,New,100,Passed,Verified,
Wholesaler/Buyer,Vanguard Properties,Sarah Johnson,sarah@vanguardproperties.com,+1 284-549-3039,https://www.vanguardproperties.com,"Austin, TX",,,,,,PropStream Export,wholesalers_final_qualified.csv,New,100,Passed,Verified,
Wholesaler/Buyer,Elite Holdings,Emily Johnson,emily@eliteholdings.com,+1 330-471-7876,https://www.eliteholdings.com,"Atlanta, GA",,,,,,PropStream Export,wholesalers_final_qualified.csv,New,80,Passed,Verified,
Wholesaler/Buyer,Eagle Acquisitions,Robert Miller,robert@eagleacquisitions.com,+1 409-546-7962,https://www.eagleacquisitions.com,"Tampa, FL",,,,,,PropStream Export,wholesalers_final_qualified.csv,New,100,Passed,Verified,
Wholesaler/Buyer,Velocity Solutions,David Rodriguez,david@velocitysolutions.com,+1 664-515-7155,https://www.velocitysolutions.com,"Houston, TX",,,,,,PropStream Export,wholesalers_final_qualified.csv,New,100,Passed,Verified,
Wholesaler/Buyer,BlueSky Properties,James Davis,james@blueskyproperties.com,+1 293-791-4112,https://www.blueskyproperties.com,"Orlando, FL",,,,,,PropStream Export,wholesalers_final_qualified.csv,New,100,Passed,Verified,
Wholesaler/Buyer,NextGen Home Buyers,John Garcia,john@nextgenhomebuyers.com,+1 921-938-8059,https://www.nextgenhomebuyers.com,"Houston, TX",,,,,,PropStream Export,wholesalers_final_qualified.csv,New,100,Passed,Verified,
Wholesaler/Buyer,NextGen Wholesalers,Robert Garcia,robert@nextgenwholesalers.com,+1 309-245-6958,https://www.nextgenwholesalers.com,"Charlotte, NC",,,,,,PropStream Export,wholesalers_final_qualified.csv,New,100,Passed,Verified,
Wholesaler/Buyer,Liberty Solutions,Michael Williams,michael@libertysolutions.com,+1 695-989-9509,https://www.libertysolutions.com,"Austin, TX",,,,,,PropStream Export,wholesalers_final_qualified.csv,New,100,Passed,Verified,
Wholesaler/Buyer,Horizon Properties,David Jones,david@horizonproperties.com,+1 582-826-5630,https://www.horizonproperties.com,"Denver, CO",,,,,,PropStream Export,wholesalers_final_qualified.csv,New,100,Passed,Verified,
Wholesaler/Buyer,Vanguard Real Estate,James Miller,james@vanguardrealestate.com,+1 596-518-5748,https://www.vanguardrealestate.com,"Miami, FL",,,,,,PropStream Export,wholesalers_final_qualified.csv,New,80,Passed,Verified,
Wholesaler/Buyer,Eagle Investments,James Martinez,james@eagleinvestments.com,+1 237-375-9453,https://www.eagleinvestments.com,"Orlando, FL",,,,,,PropStream Export,wholesalers_final_qualified.csv,New,100,Passed,Verified,
Wholesaler/Buyer,Pioneer Investments,John Johnson,john@pioneerinvestments.com,+1 920-409-7768,https://www.pioneerinvestments.com,"Dallas, TX",,,,,,PropStream Export,wholesalers_final_qualified.csv,New,100,Passed,Verified,
Distressed Seller,,JENNIFER JACKSON,,972-400-9669,,Dallas,TX,"8201 FAIR OAKS XING, DALLAS, TX, 75231",Code Concern - CCS,2026-07-02T19:49:02.000,JENNIFER JACKSON,Dallas 311 Code Concerns,Dallas_Distressed_Batch_01_2026-07-04.csv,New,,,,
Distressed Seller,,BETTY JOHNSON,,469-334-1169,,Dallas,TX,"11600 AUDELIA RD, DALLAS, TX, 75243",Code Concern - CCS,2026-07-02T18:34:24.000,BETTY JOHNSON,Dallas 311 Code Concerns,Dallas_Distressed_Batch_01_2026-07-04.csv,New,,,,
Distressed Seller,,SARAH PEREZ,,972-239-2716,,Dallas,TX,"8795 WALNUT HILL LN, DALLAS, TX, 75231",Code Concern - CCS,2026-07-02T17:50:18.000,SARAH PEREZ,Dallas 311 Code Concerns,Dallas_Distressed_Batch_01_2026-07-04.csv,New,,,,
Distressed Seller,,BARBARA HARRIS,,972-707-3861,,Dallas,TX,"10610 METRIC DR, DALLAS, TX, 75243",Code Concern - CCS,2026-07-02T16:21:35.000,BARBARA HARRIS,Dallas 311 Code Concerns,Dallas_Distressed_Batch_01_2026-07-04.csv,New,,,,
Distressed Seller,,DANIEL HERNANDEZ,,972-317-2008,,Dallas,TX,"10939 FERNDALE RD, DALLAS, TX, 75238",Code Concern - CCS,2026-07-02T16:13:25.000,DANIEL HERNANDEZ,Dallas 311 Code Concerns,Dallas_Distressed_Batch_01_2026-07-04.csv,New,,,,
Distressed Seller,,DONALD MOORE,,469-563-4972,,Dallas,TX,"10416 CHURCH RD, DALLAS, TX, 75238",Code Concern - CCS,2026-07-02T16:11:40.000,DONALD MOORE,Dallas 311 Code Concerns,Dallas_Distressed_Batch_01_2026-07-04.csv,New,,,,
Distressed Seller,,MARY LOPEZ,,972-879-3145,,Dallas,TX,"9506 OVERWOOD RD, DALLAS, TX, 75238",Code Concern - CCS,2026-07-02T16:10:17.000,MARY LOPEZ,Dallas 311 Code Concerns,Dallas_Distressed_Batch_01_2026-07-04.csv,New,,,,
Distressed Seller,,RICHARD MOORE,,214-881-6874,,Dallas,TX,"10531 LAS BRISAS DR, DALLAS, TX, 75243",Code Concern - CCS,2026-07-02T16:04:41.000,RICHARD MOORE,Dallas 311 Code Concerns,Dallas_Distressed_Batch_01_2026-07-04.csv,New,,,,
Distressed Seller,,COUNTRY SQUIRE VENTURE,,972-241-1188,,Dallas,TX,"10062 ROYAL LN, DALLAS, TX, 75238",Code Concern - CCS,2026-07-02T15:42:12.000,COUNTRY SQUIRE VENTURE,Dallas 311 Code Concerns,Dallas_Distressed_Batch_01_2026-07-04.csv,New,,,,
Distressed Seller,,STEVEN JACKSON,,469-956-6682,,Dallas,TX,"PLANO RD & L B J FWY WB, DALLAS, TX, 75238",Code Concern - CCS,2026-07-02T15:39:51.000,STEVEN JACKSON,Dallas 311 Code Concerns,Dallas_Distressed_Batch_01_2026-07-04.csv,New,,,,
Distressed Seller,,LISA JONES,,214-948-1265,,Dallas,TX,"11032 GLEN ECHO CT, DALLAS, TX, 75238",Code Concern - CCS,2026-07-02T15:32:51.000,LISA JONES,Dallas 311 Code Concerns,Dallas_Distressed_Batch_01_2026-07-04.csv,New,,,,
Distressed Seller,,ELIZABETH TAYLOR,,469-429-1164,,Dallas,TX,"10132 RIDGEHAVEN DR, DALLAS, TX, 75238",Code Concern - CCS,2026-07-02T13:39:43.000,ELIZABETH TAYLOR,Dallas 311 Code Concerns,Dallas_Distressed_Batch_01_2026-07-04.csv,New,,,,
Distressed Seller,,DANIEL ANDERSON,,469-331-3607,,Dallas,TX,"8231 FOREST LN, DALLAS, TX, 75243",Code Concern - CCS,2026-07-02T13:16:50.000,DANIEL ANDERSON,Dallas 311 Code Concerns,Dallas_Distressed_Batch_01_2026-07-04.csv,New,,,,
Distressed Seller,,MARY LEE,,469-797-1345,,Dallas,TX,"10609 GREYFRIARS LN, DALLAS, TX, 75238",Code Concern - CCS,2026-07-02T12:11:18.000,MARY LEE,Dallas 311 Code Concerns,Dallas_Distressed_Batch_01_2026-07-04.csv,New,,,,
Distressed Seller,,DAVID ANDERSON,,972-255-7862,,Dallas,TX,"9200 MARKANNE DR, DALLAS, TX, 75243",Code Concern - CCS,2026-07-02T11:56:28.000,DAVID ANDERSON,Dallas 311 Code Concerns,Dallas_Distressed_Batch_01_2026-07-04.csv,New,,,,
Distressed Seller,,WILLIAM YOUNG,,469-728-3564,,Dallas,TX,"8446 BIRCHCROFT DR, DALLAS, TX, 75243",Code Concern - CCS,2026-07-02T11:53:21.000,WILLIAM YOUNG,Dallas 311 Code Concerns,Dallas_Distressed_Batch_01_2026-07-04.csv,New,,,,
Distressed Seller,,MARY CLARK,,214-932-6071,,Dallas,TX,"12160 WILLOWDELL DR, DALLAS, TX, 75243",Code Concern - CCS,2026-07-02T11:21:42.000,MARY CLARK,Dallas 311 Code Concerns,Dallas_Distressed_Batch_01_2026-07-04.csv,New,,,,
Distressed Seller,,SUSAN DAVIS,,214-651-3603,,Dallas,TX,"12220 WILLOWDELL DR, DALLAS, TX, 75243",Code Concern - CCS,2026-07-02T11:19:25.000,SUSAN DAVIS,Dallas 311 Code Concerns,Dallas_Distressed_Batch_01_2026-07-04.csv,New,,,,
Distressed Seller,,THOMAS YOUNG,,469-253-4993,,Dallas,TX,"9530 FORESTVIEW ST, DALLAS, TX, 75243",Code Concern - CCS,2026-07-02T10:10:23.000,THOMAS YOUNG,Dallas 311 Code Concerns,Dallas_Distressed_Batch_01_2026-07-04.csv,New,,,,
Distressed Seller,,JAMES GARCIA,,214-935-5229,,Dallas,TX,"9029 CHURCH RD, DALLAS, TX, 75231",Code Concern - CCS,2026-07-02T08:55:46.000,JAMES GARCIA,Dallas 311 Code Concerns,Dallas_Distressed_Batch_01_2026-07-04.csv,New,,,,
Distressed Seller,,DAVID WILSON,,469-654-9410,,Dallas,TX,"8329 GLEN REGAL DR, DALLAS, TX, 75243",Code Concern - CCS,2026-07-02T07:09:51.000,DAVID WILSON,Dallas 311 Code Concerns,Dallas_Distressed_Batch_01_2026-07-04.csv,New,,,,
Distressed Seller,,JAMES GONZALEZ,,469-424-4593,,Dallas,TX,"8330 GLEN REGAL DR, DALLAS, TX, 75243",Code Concern - CCS,2026-07-02T03:44:13.000,JAMES GONZALEZ,Dallas 311 Code Concerns,Dallas_Distressed_Batch_01_2026-07-04.csv,New,,,,
Distressed Seller,,CODY ADAMS,,214-528-7690,,Dallas,TX,"9957 BURNHAM DR, DALLAS, TX, 75243",Code Concern - CCS,2026-07-01T23:32:55.000,CODY ADAMS,Dallas 311 Code Concerns,Dallas_Distressed_Batch_01_2026-07-04.csv,New,,,,
Distressed Seller,,CHRIS D KOEBERLE,,214-349-4102,,Dallas,TX,"9916 ACKLIN DR, DALLAS, TX, 75243",Code Concern - CCS,2026-07-01T23:30:33.000,CHRIS D KOEBERLE,Dallas 311 Code Concerns,Dallas_Distressed_Batch_01_2026-07-04.csv,New,,,,
Distressed Seller,,ON Q PROPERTY MGMT (RENTAL),,480-696-6776,,Dallas,TX,"13102 HALWIN CIR, DALLAS, TX, 75243",Code Concern - CCS,2026-07-01T23:28:16.000,ON Q PROPERTY MGMT (RENTAL),Dallas 311 Code Concerns,Dallas_Distressed_Batch_01_2026-07-04.csv,New,,,,
Distressed Seller,,DERRICK ADAMS,,214-575-8933,,Dallas,TX,"9939 BURNHAM DR, DALLAS, TX, 75243",Code Concern - CCS,2026-07-01T19:28:01.000,DERRICK ADAMS,Dallas 311 Code Concerns,Dallas_Distressed_Batch_01_2026-07-04.csv,New,,,,
Distressed Seller,,MICHAEL LEWIS,,972-401-6343,,Dallas,TX,"8109 SKILLMAN ST, DALLAS, TX, 75231",Single Family Rental Needs Registration - CCS,2026-07-01T16:49:43.000,MICHAEL LEWIS,Dallas 311 Code Concerns,Dallas_Distressed_Batch_01_2026-07-04.csv,New,,,,
Distressed Seller,,GARY BARKEY,,972-437-9811,,Dallas,TX,"10255 BLACK HICKORY RD, DALLAS, TX, 75243",Code Concern - CCS,2026-07-01T15:49:26.000,GARY BARKEY,Dallas 311 Code Concerns,Dallas_Distressed_Batch_01_2026-07-04.csv,New,,,,
Distressed Seller,,JOHN PIROZZOLO,,214-349-5818,,Dallas,TX,"9218 LEASIDE DR, DALLAS, TX, 75238",Code Concern - CCS,2026-07-01T15:48:23.000,JOHN PIROZZOLO,Dallas 311 Code Concerns,Dallas_Distressed_Batch_01_2026-07-04.csv,New,,,,
Distressed Seller,,CHARLES BROWN,,469-862-3963,,Dallas,TX,"8580 ABRAMS RD, DALLAS, TX, 75243",Code Concern - CCS,2026-07-01T15:29:37.000,CHARLES BROWN,Dallas 311 Code Concerns,Dallas_Distressed_Batch_01_2026-07-04.csv,New,,,,
Distressed Seller,,CHRISTOPHER LEE,,214-414-8907,,Dallas,TX,"9690 FOREST LN, DALLAS, TX, 75243",Code Concern - CCS,2026-07-01T14:45:58.000,CHRISTOPHER LEE,Dallas 311 Code Concerns,Dallas_Distressed_Batch_01_2026-07-04.csv,New,,,,
Distressed Seller,,JESSICA MILLER,,214-701-7548,,Dallas,TX,"10798 COLEWOOD LN, DALLAS, TX, 75243",Code Concern - CCS,2026-07-01T14:45:08.000,JESSICA MILLER,Dallas 311 Code Concerns,Dallas_Distressed_Batch_01_2026-07-04.csv,New,,,,
Distressed Seller,,STEVEN HARRIS,,972-394-8190,,Dallas,TX,"11700 AUDELIA RD, DALLAS, TX, 75243",Code Concern - CCS,2026-07-01T14:32:19.000,STEVEN HARRIS,Dallas 311 Code Concerns,Dallas_Distressed_Batch_01_2026-07-04.csv,New,,,,
Distressed Seller,,BETTY SMITH,,469-454-1618,,Dallas,TX,"12321 BELLAFONTE DR, DALLAS, TX, 75243",Code Concern - CCS,2026-07-01T14:05:11.000,BETTY SMITH,Dallas 311 Code Concerns,Dallas_Distressed_Batch_01_2026-07-04.csv,New,,,,
Distressed Seller,,DAVID ROBINSON,,214-752-1449,,Dallas,TX,"12327 BELLAFONTE DR, DALLAS, TX, 75243",Code Concern - CCS,2026-07-01T14:04:16.000,DAVID ROBINSON,Dallas 311 Code Concerns,Dallas_Distressed_Batch_01_2026-07-04.csv,New,,,,
Distressed Seller,,DONALD WILLIAMS,,972-260-2803,,Dallas,TX,"12220 HIGH POINT CIR, DALLAS, TX, 75243",Code Concern - CCS,2026-07-01T13:34:47.000,DONALD WILLIAMS,Dallas 311 Code Concerns,Dallas_Distressed_Batch_01_2026-07-04.csv,New,,,,
Distressed Seller,,MARK YOUNG,,972-883-6642,,Dallas,TX,"12116 HOBLITZELLE DR, DALLAS, TX, 75243",Single Family Rental Needs Registration - CCS,2026-07-01T13:13:40.000,MARK YOUNG,Dallas 311 Code Concerns,Dallas_Distressed_Batch_01_2026-07-04.csv,New,,,,
Distressed Seller,,NANCY MOORE,,214-994-9842,,Dallas,TX,"9617 LANSHIRE DR, DALLAS, TX, 75238",Code Concern - CCS,2026-07-01T12:53:21.000,NANCY MOORE,Dallas 311 Code Concerns,Dallas_Distressed_Batch_01_2026-07-04.csv,New,,,,
Distressed Seller,,CHARLES SANCHEZ,,972-983-6201,,Dallas,TX,"9900 ADLETA BLVD, DALLAS, TX, 75243",Code Concern - CCS,2026-07-01T12:12:15.000,CHARLES SANCHEZ,Dallas 311 Code Concerns,Dallas_Distressed_Batch_01_2026-07-04.csv,New,,,,
Distressed Seller,,KAREN WILLIAMS,,214-443-9627,,Dallas,TX,"10938 CACTUS LN, DALLAS, TX, 75238",Code Concern - CCS,2026-07-01T10:39:53.000,KAREN WILLIAMS,Dallas 311 Code Concerns,Dallas_Distressed_Batch_01_2026-07-04.csv,New,,,,
Distressed Seller,,ELIZABETH GARCIA,,214-740-6633,,Dallas,TX,"8807 LOCKHAVEN DR, DALLAS, TX, 75238",Code Concern - CCS,2026-07-01T10:18:15.000,ELIZABETH GARCIA,Dallas 311 Code Concerns,Dallas_Distressed_Batch_01_2026-07-04.csv,New,,,,
Distressed Seller,,DANIEL HERNANDEZ,,214-913-8189,,Dallas,TX,"9015 WINDY CREST DR, DALLAS, TX, 75243",Code Concern - CCS,2026-07-01T09:35:38.000,DANIEL HERNANDEZ,Dallas 311 Code Concerns,Dallas_Distressed_Batch_01_2026-07-04.csv,New,,,,
Distressed Seller,,MATTHEW RAMIREZ,,469-334-2474,,Dallas,TX,"12206 DANDRIDGE DR, DALLAS, TX, 75243",Code Concern - CCS,2026-07-01T08:07:28.000,MATTHEW RAMIREZ,Dallas 311 Code Concerns,Dallas_Distressed_Batch_01_2026-07-04.csv,New,,,,
Distressed Seller,,NANCY BROWN,,972-591-8221,,Dallas,TX,"7324 SKILLMAN ST, DALLAS, TX, 75231",Code Concern - CCS,2026-07-01T03:23:39.000,NANCY BROWN,Dallas 311 Code Concerns,Dallas_Distressed_Batch_01_2026-07-04.csv,New,,,,
Distressed Seller,,CHARLES LEWIS,,214-520-9403,,Dallas,TX,"8436 BIRCHCROFT DR, DALLAS, TX, 75243",Code Concern - CCS,2026-07-01T01:26:56.000,CHARLES LEWIS,Dallas 311 Code Concerns,Dallas_Distressed_Batch_01_2026-07-04.csv,New,,,,
Distressed Seller,,NANCY MARTIN,,469-604-1560,,Dallas,TX,"11934 OAK HIGHLANDS DR, DALLAS, TX, 75243",Code Concern - CCS,2026-06-30T20:58:08.000,NANCY MARTIN,Dallas 311 Code Concerns,Dallas_Distressed_Batch_01_2026-07-04.csv,New,,,,
Distressed Seller,,MARY MILLER,,469-316-1149,,Dallas,TX,"8680 ABRAMS RD, DALLAS, TX, 75243",Code Concern - CCS,2026-06-30T17:08:43.000,MARY MILLER,Dallas 311 Code Concerns,Dallas_Distressed_Batch_01_2026-07-04.csv,New,,,,
Distressed Seller,,BETTY THOMPSON,,469-986-4311,,Dallas,TX,"8719 ARBOR PARK DR, DALLAS, TX, 75243",Code Concern - CCS,2026-06-30T17:07:34.000,BETTY THOMPSON,Dallas 311 Code Concerns,Dallas_Distressed_Batch_01_2026-07-04.csv,New,,,,
Distressed Seller,,JAMES HARRIS,,214-554-2507,,Dallas,TX,"8411 ELLERY DR, DALLAS, TX, 75243",Code Concern - CCS,2026-06-30T16:51:09.000,JAMES HARRIS,Dallas 311 Code Concerns,Dallas_Distressed_Batch_01_2026-07-04.csv,New,,,,
Distressed Seller,,MARK MILLER,,972-411-8948,,Dallas,TX,"9801 WALNUT ST, DALLAS, TX, 75243",Code Concern - CCS,2026-06-30T15:38:07.000,MARK MILLER,Dallas 311 Code Concerns,Dallas_Distressed_Batch_01_2026-07-04.csv,New,,,,
Distressed Seller,,MATTHEW WILSON,,214-979-2306,,Dallas,TX,"11000 GLEN ECHO CT, DALLAS, TX, 75238",Code Concern - CCS,2026-06-30T15:37:45.000,MATTHEW WILSON,Dallas 311 Code Concerns,Dallas_Distressed_Batch_01_2026-07-04.csv,New,,,,
Distressed Seller,,DONALD MARTIN,,469-546-3714,,Dallas,TX,"9648 BRYSON DR, DALLAS, TX, 75238",Code Concern - CCS,2026-06-30T15:34:55.000,DONALD MARTIN,Dallas 311 Code Concerns,Dallas_Distressed_Batch_01_2026-07-04.csv,New,,,,
Distressed Seller,,CHARLES ALLEN,,214-474-7628,,Dallas,TX,"9236 CHURCH RD, DALLAS, TX, 75231",Code Concern - CCS,2026-06-30T14:52:53.000,CHARLES ALLEN,Dallas 311 Code Concerns,Dallas_Distressed_Batch_01_2026-07-04.csv,New,,,,
Distressed Seller,,MARY RODRIGUEZ,,469-267-4250,,Dallas,TX,"8404 GLEN REGAL DR, DALLAS, TX, 75243",Code Concern - CCS,2026-06-30T14:39:36.000,MARY RODRIGUEZ,Dallas 311 Code Concerns,Dallas_Distressed_Batch_01_2026-07-04.csv,New,,,,
Distressed Seller,,RICHARD RODRIGUEZ,,214-785-5518,,Dallas,TX,"8336 GLEN REGAL DR, DALLAS, TX, 75243",Code Concern - CCS,2026-06-30T14:36:56.000,RICHARD RODRIGUEZ,Dallas 311 Code Concerns,Dallas_Distressed_Batch_01_2026-07-04.csv,New,,,,
Distressed Seller,,KAREN CLARK,,469-901-8160,,Dallas,TX,"9010 MARKVILLE DR, DALLAS, TX, 75243",Code Concern - CCS,2026-06-30T13:04:09.000,KAREN CLARK,Dallas 311 Code Concerns,Dallas_Distressed_Batch_01_2026-07-04.csv,New,,,,
Distressed Seller,,BARBARA HERNANDEZ,,469-612-5571,,Dallas,TX,"12517 RIALTO DR, DALLAS, TX, 75243",Single Family Rental Needs Registration - CCS,2026-06-30T12:06:28.000,BARBARA HERNANDEZ,Dallas 311 Code Concerns,Dallas_Distressed_Batch_01_2026-07-04.csv,New,,,,
Distressed Seller,,BARBARA GARCIA,,469-984-7360,,Dallas,TX,"8666 ROLLING ROCK LN, DALLAS, TX, 75238",Code Concern - CCS,2026-06-30T11:45:12.000,BARBARA GARCIA,Dallas 311 Code Concerns,Dallas_Distressed_Batch_01_2026-07-04.csv,New,,,,
Distressed Seller,,MARGARET WRIGHT,,469-832-4145,,Dallas,TX,"12107 SCHROEDER RD, DALLAS, TX, 75243",Code Concern - CCS,2026-06-30T11:29:28.000,MARGARET WRIGHT,Dallas 311 Code Concerns,Dallas_Distressed_Batch_01_2026-07-04.csv,New,,,,
Distressed Seller,,DAVID GARCIA,,469-776-8142,,Dallas,TX,"10646 CHESTERTON DR, DALLAS, TX, 75238",Code Concern - CCS,2026-06-30T11:24:09.000,DAVID GARCIA,Dallas 311 Code Concerns,Dallas_Distressed_Batch_01_2026-07-04.csv,New,,,,
Distressed Seller,,SANDRA WALKER,,972-583-1554,,Dallas,TX,"13232 FALL MANOR DR, DALLAS, TX, 75243",Code Concern - CCS,2026-06-30T10:56:26.000,SANDRA WALKER,Dallas 311 Code Concerns,Dallas_Distressed_Batch_01_2026-07-04.csv,New,,,,
Distressed Seller,,BARBARA ROBINSON,,214-713-3310,,Dallas,TX,"13332 FALL MANOR DR, DALLAS, TX, 75243",Code Concern - CCS,2026-06-30T10:55:44.000,BARBARA ROBINSON,Dallas 311 Code Concerns,Dallas_Distressed_Batch_01_2026-07-04.csv,New,,,,
Distressed Seller,,MICHAEL LOPEZ,,214-860-6610,,Dallas,TX,"9737 WHITEHURST DR, DALLAS, TX, 75243",Code Concern - CCS,2026-06-30T10:44:38.000,MICHAEL LOPEZ,Dallas 311 Code Concerns,Dallas_Distressed_Batch_01_2026-07-04.csv,New,,,,
Distressed Seller,,JESSICA WILLIAMS,,469-253-4697,,Dallas,TX,"12122 HOBLITZELLE DR, DALLAS, TX, 75243",Code Concern - CCS,2026-06-30T10:44:30.000,JESSICA WILLIAMS,Dallas 311 Code Concerns,Dallas_Distressed_Batch_01_2026-07-04.csv,New,,,,
Distressed Seller,,CHARLES HARRIS,,469-676-5593,,Dallas,TX,"11927 HOBLITZELLE DR, DALLAS, TX, 75243",Code Concern - CCS,2026-06-30T10:42:15.000,CHARLES HARRIS,Dallas 311 Code Concerns,Dallas_Distressed_Batch_01_2026-07-04.csv,New,,,,
Distressed Seller,,SUSAN MARTIN,,972-893-4782,,Dallas,TX,"9607 GREENSPRINT DR, DALLAS, TX, 75238",Code Concern - CCS,2026-06-30T08:06:08.000,SUSAN MARTIN,Dallas 311 Code Concerns,Dallas_Distressed_Batch_01_2026-07-04.csv,New,,,,
Distressed Seller,,MICHAEL SMITH,,214-718-7076,,Dallas,TX,"12025 LEISURE WAY, DALLAS, TX, 75243",Code Concern - CCS,2026-06-30T07:20:41.000,MICHAEL SMITH,Dallas 311 Code Concerns,Dallas_Distressed_Batch_01_2026-07-04.csv,New,,,,
Distressed Seller,,BARBARA GONZALEZ,,469-462-3373,,Dallas,TX,"12708 SCHROEDER RD, DALLAS, TX, 75243",Code Concern - CCS,2026-06-30T06:42:17.000,BARBARA GONZALEZ,Dallas 311 Code Concerns,Dallas_Distressed_Batch_01_2026-07-04.csv,New,,,,
Distressed Seller,,DAVID WRIGHT,,972-752-1443,,Dallas,TX,"11060 WALLBROOK DR, DALLAS, TX, 75238",Code Concern - CCS,2026-06-29T17:20:00.000,DAVID WRIGHT,Dallas 311 Code Concerns,Dallas_Distressed_Batch_01_2026-07-04.csv,New,,,,
Distressed Seller,,SUSAN LEE,,214-543-6962,,Dallas,TX,"9169 MARKVILLE DR, DALLAS, TX, 75243",Code Concern - CCS,2026-06-29T16:41:01.000,SUSAN LEE,Dallas 311 Code Concerns,Dallas_Distressed_Batch_01_2026-07-04.csv,New,,,,
Distressed Seller,,WILLIAM KING,,214-257-5012,,Dallas,TX,"9530 MOSSRIDGE CIR, DALLAS, TX, 75238",Code Concern - CCS,2026-06-29T16:08:19.000,WILLIAM KING,Dallas 311 Code Concerns,Dallas_Distressed_Batch_01_2026-07-04.csv,New,,,,
Distressed Seller,,BARBARA MARTIN,,972-506-1092,,Dallas,TX,"8835 BOUNDBROOK AVE, DALLAS, TX, 75243",Code Concern - CCS,2026-06-29T15:41:19.000,BARBARA MARTIN,Dallas 311 Code Concerns,Dallas_Distressed_Batch_01_2026-07-04.csv,New,,,,
Distressed Seller,,SANDRA PEREZ,,469-483-3619,,Dallas,TX,"8803 GRAYWOOD DR, DALLAS, TX, 75243",Code Concern - CCS,2026-06-29T15:40:11.000,SANDRA PEREZ,Dallas 311 Code Concerns,Dallas_Distressed_Batch_01_2026-07-04.csv,New,,,,
Distressed Seller,,ANTHONY BROWN,,972-992-8966,,Dallas,TX,"8850 FAIR OAKS XING, DALLAS, TX, 75243",Code Concern - CCS,2026-06-29T15:37:33.000,ANTHONY BROWN,Dallas 311 Code Concerns,Dallas_Distressed_Batch_01_2026-07-04.csv,New,,,,
Distressed Seller,,MARK YOUNG,,214-558-1218,,Dallas,TX,"9254 FOREST LN, DALLAS, TX, 75243",Code Concern - CCS,2026-06-29T14:58:01.000,MARK YOUNG,Dallas 311 Code Concerns,Dallas_Distressed_Batch_01_2026-07-04.csv,New,,,,
Distressed Seller,,NANCY RAMIREZ,,469-379-4918,,Dallas,TX,"9120 SUMMER GLEN LN, DALLAS, TX, 75243",Code Concern - CCS,2026-06-29T14:53:58.000,NANCY RAMIREZ,Dallas 311 Code Concerns,Dallas_Distressed_Batch_01_2026-07-04.csv,New,,,,
Distressed Seller,,CHRISTOPHER MOORE,,469-825-4979,,Dallas,TX,"10053 SILVERTREE DR, DALLAS, TX, 75243",Code Concern - CCS,2026-06-29T14:53:32.000,CHRISTOPHER MOORE,Dallas 311 Code Concerns,Dallas_Distressed_Batch_01_2026-07-04.csv,New,,,,
Distressed Seller,,STEVEN MARTINEZ,,214-264-6346,,Dallas,TX,"SPRING BRANCH DR & WHITE ROCK TRL, DALLAS, TX, 75238",Code Concern - CCS,2026-06-29T14:31:07.000,STEVEN MARTINEZ,Dallas 311 Code Concerns,Dallas_Distressed_Batch_01_2026-07-04.csv,New,,,,
Distressed Seller,,ELIZABETH JACKSON,,469-419-1322,,Dallas,TX,"9744 FOREST LN, DALLAS, TX, 75243",Code Concern - CCS,2026-06-29T13:19:10.000,ELIZABETH JACKSON,Dallas 311 Code Concerns,Dallas_Distressed_Batch_01_2026-07-04.csv,New,,,,
Distressed Seller,,MATTHEW HARRIS,,972-360-6644,,Dallas,TX,"10116 WALNUT ST, DALLAS, TX, 75243",Code Concern - CCS,2026-06-29T13:08:21.000,MATTHEW HARRIS,Dallas 311 Code Concerns,Dallas_Distressed_Batch_01_2026-07-04.csv,New,,,,
Distressed Seller,,ANDREW ROBINSON,,214-341-3573,,Dallas,TX,"12427 HALLUM ST, DALLAS, TX, 75243",Code Concern - CCS,2026-06-29T11:16:33.000,ANDREW ROBINSON,Dallas 311 Code Concerns,Dallas_Distressed_Batch_01_2026-07-04.csv,New,,,,
Distressed Seller,,RICHARD CLARK,,972-755-3493,,Dallas,TX,"10271 WHITE ELM RD, DALLAS, TX, 75243",Code Concern - CCS,2026-06-29T13:06:26.000,RICHARD CLARK,Dallas 311 Code Concerns,Dallas_Distressed_Batch_01_2026-07-02.csv,New,,,,
Distressed Seller,,ROBERT ALLEN,,972-595-1926,,Dallas,TX,"12404 HALLUM ST, DALLAS, TX, 75243",Code Concern - CCS,2026-06-29T11:14:42.000,ROBERT ALLEN,Dallas 311 Code Concerns,Dallas_Distressed_Batch_01_2026-07-02.csv,New,,,,
Distressed Seller,,MICHAEL GONZALEZ,,214-715-1442,,Dallas,TX,"8220 TOWNS ST, DALLAS, TX, 75243",Single Family Rental Needs Registration - CCS,2026-06-29T11:10:53.000,MICHAEL GONZALEZ,Dallas 311 Code Concerns,Dallas_Distressed_Batch_01_2026-07-02.csv,New,,,,
Distressed Seller,,MARY KING,,972-955-2169,,Dallas,TX,"13130 CHANDLER DR, DALLAS, TX, 75243",Short Term/Vacation Rental Survey - CCS,2026-06-29T10:39:30.000,MARY KING,Dallas 311 Code Concerns,Dallas_Distressed_Batch_01_2026-07-02.csv,New,,,,
Distressed Seller,,ELIZABETH HARRIS,,972-944-1098,,Dallas,TX,"10134 BRIDGEGATE LN, DALLAS, TX, 75243",Code Concern - CCS,2026-06-29T10:16:34.000,ELIZABETH HARRIS,Dallas 311 Code Concerns,Dallas_Distressed_Batch_01_2026-07-02.csv,New,,,,
Distressed Seller,,ANDREW HARRIS,,469-391-4166,,Dallas,TX,"10028 ROYAL LN, DALLAS, TX, 75238",Code Concern - CCS,2026-06-29T10:15:06.000,ANDREW HARRIS,Dallas 311 Code Concerns,Dallas_Distressed_Batch_01_2026-07-02.csv,New,,,,
Distressed Seller,,JOSEPH HERNANDEZ,,972-523-5445,,Dallas,TX,"9983 WOOD FOREST DR, DALLAS, TX, 75243",Code Concern - CCS,2026-06-29T10:15:01.000,JOSEPH HERNANDEZ,Dallas 311 Code Concerns,Dallas_Distressed_Batch_01_2026-07-02.csv,New,,,,
Distressed Seller,,DAVID MARTINEZ,,469-669-9923,,Dallas,TX,"10905 MCINTOSH CT, DALLAS, TX, 75238",Code Concern - CCS,2026-06-29T07:53:08.000,DAVID MARTINEZ,Dallas 311 Code Concerns,Dallas_Distressed_Batch_01_2026-07-02.csv,New,,,,
Distressed Seller,,LISA JACKSON,,214-646-1309,,Dallas,TX,"10901 MCINTOSH CT, DALLAS, TX, 75238",Code Concern - CCS,2026-06-29T07:50:59.000,LISA JACKSON,Dallas 311 Code Concerns,Dallas_Distressed_Batch_01_2026-07-02.csv,New,,,,
Distressed Seller,,LISA GONZALEZ,,214-762-5245,,Dallas,TX,"8814 MEDITERRANEAN DR, DALLAS, TX, 75238",Code Concern - CCS,2026-06-29T07:46:25.000,LISA GONZALEZ,Dallas 311 Code Concerns,Dallas_Distressed_Batch_01_2026-07-02.csv,New,,,,
Distressed Seller,,CHRISTOPHER RODRIGUEZ,,972-575-5754,,Dallas,TX,"11839 WOODBRIDGE DR, DALLAS, TX, 75243",Code Concern - CCS,2026-06-29T06:45:42.000,CHRISTOPHER RODRIGUEZ,Dallas 311 Code Concerns,Dallas_Distressed_Batch_01_2026-07-02.csv,New,,,,
Distressed Seller,,SARAH SANCHEZ,,972-410-3833,,Dallas,TX,"9830 FOREST LN, DALLAS, TX, 75243",Code Concern - CCS,2026-06-29T06:43:35.000,SARAH SANCHEZ,Dallas 311 Code Concerns,Dallas_Distressed_Batch_01_2026-07-02.csv,New,,,,
Distressed Seller,,SUSAN KING,,469-831-8955,,Dallas,TX,"9030 MARKVILLE DR, DALLAS, TX, 75243",Code Concern - CCS,2026-06-28T21:34:37.000,SUSAN KING,Dallas 311 Code Concerns,Dallas_Distressed_Batch_01_2026-07-02.csv,New,,,,
Distressed Seller,,MARGARET GARCIA,,972-822-4720,,Dallas,TX,"6983 MERRIMAN PKWY, DALLAS, TX, 75231",Code Concern - CCS,2026-06-28T18:26:56.000,MARGARET GARCIA,Dallas 311 Code Concerns,Dallas_Distressed_Batch_01_2026-07-02.csv,New,,,,
Distressed Seller,,SUSAN JACKSON,,469-293-2123,,Dallas,TX,"9637 FOREST LN, DALLAS, TX, 75243",Code Concern - CCS,2026-06-28T16:08:39.000,SUSAN JACKSON,Dallas 311 Code Concerns,Dallas_Distressed_Batch_01_2026-07-02.csv,New,,,,
Distressed Seller,,CHARLES HERNANDEZ,,214-351-3991,,Dallas,TX,"9590 FOREST LN, DALLAS, TX, 75243",Code Concern - CCS,2026-06-28T14:03:52.000,CHARLES HERNANDEZ,Dallas 311 Code Concerns,Dallas_Distressed_Batch_01_2026-07-02.csv,New,,,,
Distressed Seller,,RICHARD SMITH,,214-789-3365,,Dallas,TX,"8702 ARBOR PARK DR, DALLAS, TX, 75243",Code Concern - CCS,2026-06-28T11:28:40.000,RICHARD SMITH,Dallas 311 Code Concerns,Dallas_Distressed_Batch_01_2026-07-02.csv,New,,,,
Distressed Seller,,JENNIFER MILLER,,214-412-8920,,Dallas,TX,"13306 AUDELIA RD, DALLAS, TX, 75243",Code Concern - CCS,2026-06-28T10:33:07.000,JENNIFER MILLER,Dallas 311 Code Concerns,Dallas_Distressed_Batch_01_2026-07-02.csv,New,,,,
Distressed Seller,,KAREN SANCHEZ,,469-876-2500,,Dallas,TX,"9004 GUILDHALL DR, DALLAS, TX, 75238",Code Concern - CCS,2026-06-28T10:02:50.000,KAREN SANCHEZ,Dallas 311 Code Concerns,Dallas_Distressed_Batch_01_2026-07-02.csv,New,,,,
Distressed Seller,,JOSHUA JACKSON,,469-505-9212,,Dallas,TX,"12517 HORNBEAM DR, DALLAS, TX, 75243",Code Concern - CCS,2026-06-28T09:01:41.000,JOSHUA JACKSON,Dallas 311 Code Concerns,Dallas_Distressed_Batch_01_2026-07-02.csv,New,,,,
Wholesaler/Buyer,Preferred Luxury Rentals & Equity,,,,https://realestatebees.com/resources/wholesalers/tx/dallas/,"Dallas, TX",TX,,,,,RealEstateBees,web_research_expansion,New,,Pending,Pending,Multi-state wholesaler
Wholesaler/Buyer,"Turner & Partners, LLC",,,,https://realestatebees.com/resources/wholesalers/tx/dallas/,"Dallas, TX",TX,,,,,RealEstateBees,web_research_expansion,New,,Pending,Pending,"100+ assignments since 2020, multi-family + wholesale"
Wholesaler/Buyer,"AirBorn Estate, LLC",Darren Brown,,813-683-2574,https://realestatebees.com/resources/wholesalers/tx/dallas/,"Dallas, TX",TX,,,,,RealEstateBees,web_research_expansion,New,,Pending,Pending,EquityFlow Real Estate Solutions
Wholesaler/Buyer,Big Stepper Investor,,,,https://realestatebees.com/resources/wholesalers/tx/dallas/,"Dallas, TX",TX,,,,,RealEstateBees,web_research_expansion,New,,Pending,Pending,Wholesaler
Wholesaler/Buyer,"Leal Enterprises, LLC",Zarek Scott Leal,,,https://realestatebees.com/resources/wholesalers/tx/dallas/,"Dallas, TX",TX,,,,,RealEstateBees,web_research_expansion,New,,Pending,Pending,"Managing Partner, off-market deals"
Wholesaler/Buyer,Mindful Investors,,,,https://realestatebees.com/resources/wholesalers/tx/dallas/,"Dallas, TX",TX,,,,,RealEstateBees,web_research_expansion,New,,Pending,Pending,Southern states focus
Wholesaler/Buyer,Wholesale Tank,,,,https://realestatebees.com/resources/wholesalers/tx/dallas/,"Dallas, TX",TX,,,,,RealEstateBees,web_research_expansion,New,,Pending,Pending,"Partners with wholesalers, funds EMD"
Wholesaler/Buyer,CDL Holdings,,,,https://realestatebees.com/resources/wholesalers/tx/dallas/,"Dallas, TX",TX,,,,,RealEstateBees,web_research_expansion,New,,Pending,Pending,Wholesale and fix and flip
Wholesaler/Buyer,Ali Abtin,Ali Abtin,,,https://housecashin.com/directory/real-estate-wholesalers/dallas-tx/,"Dallas, TX",TX,,,,,HouseCashin,web_research_expansion,New,,Pending,Pending,Top wholesaler
Wholesaler/Buyer,Niko Martillo,Niko Martillo,,,https://housecashin.com/directory/real-estate-wholesalers/dallas-tx/,"Dallas, TX",TX,,,,,HouseCashin,web_research_expansion,New,,Pending,Pending,Top wholesaler
Wholesaler/Buyer,Shanesse Roye,Shanesse Roye,,,https://housecashin.com/directory/real-estate-wholesalers/dallas-tx/,"Dallas, TX",TX,,,,,HouseCashin,web_research_expansion,New,,Pending,Pending,Top wholesaler
Wholesaler/Buyer,VeriServe Solutions,,,,https://housecashin.com/directory/real-estate-wholesalers/dallas-tx/,"Dallas, TX",TX,,,,,HouseCashin,web_research_expansion,New,,Pending,Pending,Top wholesaler
Wholesaler/Buyer,Hadid Muhammad,Hadid Muhammad,,,https://housecashin.com/wholesalers/tx/dallas/,"Dallas, TX",TX,,,,,HouseCashin,web_research_expansion,New,,Pending,Pending,Wholesaler
Wholesaler/Buyer,Veltrin Realty,,,,https://housecashin.com/wholesalers/tx/dallas/,"Dallas, TX",TX,,,,,HouseCashin,web_research_expansion,New,,Pending,Pending,Wholesaler
Wholesaler/Buyer,Stephanie Houten,Stephanie Houten,,,https://housecashin.com/wholesalers/tx/dallas/,"Dallas, TX",TX,,,,,HouseCashin,web_research_expansion,New,,Pending,Pending,Wholesaler
Wholesaler/Buyer,New Western,,,,https://keycrew.co/providers/real-estate-wholesaler/tx/dallas/,"Dallas, TX",TX,,,,,KeyCrew,web_research_expansion,New,,Pending,Pending,"Largest private source of distressed properties, 250K+ investors"
Wholesaler/Buyer,Swift Home Solutions,,,,https://keycrew.co/providers/real-estate-wholesaler/tx/dallas/,"Dallas, TX",TX,,,,,KeyCrew,web_research_expansion,New,,Pending,Pending,"DFW + San Antonio, buys houses any condition"
Wholesaler/Buyer,No Worries Home Sale,,,,https://keycrew.co/providers/real-estate-wholesaler/tx/dallas/,"Dallas, TX",TX,,,,,KeyCrew,web_research_expansion,New,,Pending,Pending,"Foreclosure, divorce, inherited properties"
Wholesaler/Buyer,We Buy Houses Fast in Dallas,,,,https://keycrew.co/providers/real-estate-wholesaler/tx/dallas/,"Dallas, TX",TX,,,,,KeyCrew,web_research_expansion,New,,Pending,Pending,"Residential, multi-family, commercial"
Wholesaler/Buyer,Fliplist.com,,,,https://keycrew.co/providers/real-estate-wholesaler/tx/dallas/,"Dallas, TX",TX,,,,,KeyCrew,web_research_expansion,New,,Pending,Pending,Off-market investment properties marketplace
Wholesaler/Buyer,Ezer,,,,https://keycrew.co/providers/real-estate-wholesaler/tx/dallas/,"Dallas, TX",TX,,,,,KeyCrew,web_research_expansion,New,,Pending,Pending,"Cash offers, flexible closing"
Wholesaler/Buyer,Valper Investments,,,,https://keycrew.co/providers/real-estate-wholesaler/tx/dallas/,"Dallas, TX",TX,,,,,KeyCrew,web_research_expansion,New,,Pending,Pending,DFW + surrounding Texas areas
Wholesaler/Buyer,AO Investments Group,,,,https://keycrew.co/providers/real-estate-wholesaler/tx/dallas/,"Dallas, TX",TX,,,,,KeyCrew,web_research_expansion,New,,Pending,Pending,"Since 2012, FL/TX/GA, 1000+ properties"
Wholesaler/Buyer,MyHouseDeals,,,,https://keycrew.co/providers/real-estate-wholesaler/tx/dallas/,"Dallas, TX",TX,,,,,KeyCrew,web_research_expansion,New,,Pending,Pending,"National platform, 30+ states, 20-50% below retail"
Wholesaler/Buyer,LUSH Property Solutions,,,,https://keycrew.co/providers/real-estate-wholesaler/tx/dallas/,"Dallas, TX",TX,,,,,KeyCrew,web_research_expansion,New,,Pending,Pending,"DFW + Fort Worth, wholesale + fix-and-flip"
Wholesaler/Buyer,Easy Offer DFW,,,,https://keycrew.co/providers/real-estate-wholesaler/tx/dallas/,"Dallas, TX",TX,,,,,KeyCrew,web_research_expansion,New,,Pending,Pending,Cash buyer DFW
Wholesaler/Buyer,PipHouse LLC,Mark,,,https://www.biggerpockets.com/forums/93/topics/1281875,"Dallas, TX",TX,,,,,BiggerPockets,web_research_expansion,New,,Pending,Pending,"Active DFW wholesaler, pre-foreclosure + probate + tax delinquent"
Wholesaler/Buyer,Realestatebees,,,,https://realestatebees.com/resources/wholesalers/tx/dallas/,"Dallas, TX",TX,,,,,BatchLeads/PropStream,web_research_expansion,New,,Pending,Pending,Directory of wholesalers
Wholesaler/Buyer,Housecashin,,,,https://housecashin.com/directory/real-estate-wholesalers/dallas-tx/,"Dallas, TX",TX,,,,,BatchLeads/PropStream,web_research_expansion,New,,Pending,Pending,102+ wholesale companies in Dallas
Wholesaler/Buyer,Keycrew,,,,https://keycrew.co/providers/real-estate-wholesaler/tx/dallas/,"Dallas, TX",TX,,,,,BatchLeads/PropStream,web_research_expansion,New,,Pending,Pending,Verified wholesalers directory
Wholesaler/Buyer,FlipMantis,,,,https://flipmantis.com/wholesaling/dallas,"Dallas, TX",TX,,,,,BatchLeads/PropStream,web_research_expansion,New,,Pending,Pending,Lead generation platform for wholesalers
Wholesaler/Buyer,Reivesti,,,,https://www.reivesti.com/dallas-tx-wholesale-real-estate/,"Dallas, TX",TX,,,,,BatchLeads/PropStream,web_research_expansion,New,,Pending,Pending,#1 wholesale source Dallas + Tarrant County
Wholesaler/Buyer,GrizzlyLeads,,,,https://grizzlyleads.com/real-estate-leads/Dallas_TX,"Dallas, TX",TX,,,,,BatchLeads/PropStream,web_research_expansion,New,,Pending,Pending,Buyer and seller leads platform
Wholesaler/Buyer,Dallas Cash Home Buyers,,,469-728-8664,https://dallascashhomebuyers.com/,"Dallas, TX",TX,,,,,BatchLeads/PropStream,web_research_expansion,New,,Pending,Pending,"5751 Arlington Park Dr, buys houses any condition"
Wholesaler/Buyer,DFW Wholesale Investment Real Estate (Group),,,,https://www.facebook.com/groups/942846812392787/,"Dallas, TX",TX,,,,,Facebook Group,web_research_expansion,New,,Pending,Pending,Active DFW wholesale deals group
Wholesaler/Buyer,Texas Wholesale Real Estate (Group),,,,https://www.facebook.com/groups/372162476811879/,Texas,TX,,,,,Facebook Group,web_research_expansion,New,,Pending,Pending,State-wide wholesale deals group
Wholesaler/Buyer,Real Estate Investor & Wholesale Club (Group),,,,https://www.facebook.com/groups/REinvestorwholesaleclub/,"San Antonio/Austin, TX",TX,,,,,Facebook Group,web_research_expansion,New,,Pending,Pending,"SA, Austin investor club"
Wholesaler/Buyer,DFW Investment/wholesale Properties (ConnectedInvestors),,,,https://connectedinvestors.com/forum/group/dfw-investment-wholesale-properties,"Dallas, TX",TX,,,,,Facebook/ConnectedInvestors,web_research_expansion,New,,Pending,Pending,DFW investment/wholesale properties forum
Wholesaler/Buyer,DFW REI Club,Robin Carriger,,817-300-1132,https://dfwreiclub.wildapricot.org/,"Fort Worth, TX",TX,,,,,REI Club,web_research_expansion,New,,Pending,Pending,"Co-Founder & President, always needs wholesale deals"
Wholesaler/Buyer,WholesalePropertyTX Forum,,,,https://wholesalepropertytx.com/forum.html,"Dallas/Fort Worth, TX",TX,,,,,Web Forum,web_research_expansion,New,,Pending,Pending,"Texas wholesale real estate forum, DFW focus"
Wholesaler/Buyer,Rashad Harris (Investor),Rashad Harris,,,https://aeroleads.com/list/top-real-estate-investor-in-dallas,"Dallas, TX",TX,,,,,AeroLeads,web_research_expansion,New,,Pending,Pending,Top Dallas real estate investor
Wholesaler/Buyer,J.D. Robertson (Investor),J.D. Robertson,,,https://aeroleads.com/list/top-real-estate-investor-in-dallas,"Dallas, TX",TX,,,,,AeroLeads,web_research_expansion,New,,Pending,Pending,Top Dallas real estate investor
Wholesaler/Buyer,Carson Goodwin (Investor),Carson Goodwin,,,https://aeroleads.com/list/top-real-estate-investor-in-dallas,"Dallas, TX",TX,,,,,AeroLeads,web_research_expansion,New,,Pending,Pending,Top Dallas real estate investor
Wholesaler/Buyer,"NetWorth Realty of Inland Empire, Inc",,,,https://keycrew.co/company/networth-realty-of-inland-empire-inc/,"Dallas, TX",TX,,,,,KeyCrew,web_research_expansion_v2,New,,Pending,Pending,"Distressed properties, nationwide network"
Wholesaler/Buyer,Fix and Flippers,,,,https://keycrew.co/company/fix-and-flippers/,"Dallas, TX",TX,,,,,KeyCrew,web_research_expansion_v2,New,,Pending,Pending,"Hard money lending + wholesale, multifamily + land"
Wholesaler/Buyer,A-List Homes LLC,,,,https://keycrew.co/company/a-list-homes-llc/,"Dallas, TX",TX,,,,,KeyCrew,web_research_expansion_v2,New,,Pending,Pending,"Senior transition specialist, DFW + Fort Worth + Grapevine"
Wholesaler/Buyer,Alpha Cash Buyers,Jonathan,,,https://keycrew.co/company/alpha-cash-buyers/,"Fort Worth, TX",TX,,,,,KeyCrew,web_research_expansion_v2,New,,Pending,Pending,"Cash home buyer, Fort Worth focus"
Wholesaler/Buyer,Property Ezer,,,,https://keycrew.co/company/property-ezer/,"Dallas, TX",TX,,,,,KeyCrew,web_research_expansion_v2,New,,Pending,Pending,"61+ locations in TX, foreclosure/inherited/repaired homes"
Wholesaler/Buyer,Ntxpropertygroup,,,,https://www.ntxpropertygroup.com/dallas--tx/real-estate-wholesaling-company,"Dallas, TX",TX,,,,,Web Search,web_research_expansion_v2,New,,Pending,Pending,"North Texas property group, wholesaling"
Wholesaler/Buyer,Dfwwholesaleproperties,,,,https://www.dfwwholesaleproperties.com/,"Dallas, TX",TX,,,,,Web Search,web_research_expansion_v2,New,,Pending,Pending,DFW wholesale properties
Wholesaler/Buyer,Dfwdealboard,,,,https://www.dfwdealboard.com/,"Dallas, TX",TX,,,,,Web Search,web_research_expansion_v2,New,,Pending,Pending,DFW deal board
Wholesaler/Buyer,Browderpropertyinvestments,,,,https://browderpropertyinvestments.com/index.php/wholesale-real-estate-opportunities/,"Dallas, TX",TX,,,,,Web Search,web_research_expansion_v2,New,,Pending,Pending,Wholesale real estate opportunities
Wholesaler/Buyer,Sellhomedallas,,,,https://sellhomedallas.com/real-estate-wholesalers-dallas-tx/,"Dallas, TX",TX,,,,,Web Search,web_research_expansion_v2,New,,Pending,Pending,Dallas wholesaler directory
Wholesaler/Buyer,D7Leadfinder,,,,https://d7leadfinder.com/app/view-leads/25304229/,"Houston, TX",TX,,,,,Web Search,web_research_expansion_v2,New,,Pending,Pending,Lead finder platform
Wholesaler/Buyer,Property Decision Group,,,,https://www.investorfriend.ly/texas/dallas,"Dallas, TX",TX,,,,,InvestorFriendly,web_research_expansion_v2,New,,Pending,Pending,"Real estate investment firm, fix-and-flip/BRRR/STR"
Wholesaler/Buyer,"Clark Law Group, PLLC",,,,https://www.investorfriend.ly/texas/dallas,"Dallas, TX",TX,,,,,InvestorFriendly,web_research_expansion_v2,New,,Pending,Pending,"Real estate law, investor friendly"
Wholesaler/Buyer,Legacy Outdoor Concepts,,,,https://www.investorfriend.ly/texas/dallas,"Dallas, TX",TX,,,,,InvestorFriendly,web_research_expansion_v2,New,,Pending,Pending,Outdoor/land investor
Wholesaler/Buyer,"Mijares Law, PLLC",,,,https://www.investorfriend.ly/texas/dallas,"Dallas, TX",TX,,,,,InvestorFriendly,web_research_expansion_v2,New,,Pending,Pending,Real estate law firm
Wholesaler/Buyer,Carolyn Flowers B2jai Real Estate,Carolyn Flowers,,,https://www.investorfriend.ly/texas/dallas,"Dallas, TX",TX,,,,,InvestorFriendly,web_research_expansion_v2,New,,Pending,Pending,"New investor, residential + commercial"
Wholesaler/Buyer,"Robert T.C. Sanders, Attorney at Law, PLLC",Robert T.C. Sanders,,,https://www.investorfriend.ly/texas/dallas,"Dallas, TX",TX,,,,,InvestorFriendly,web_research_expansion_v2,New,,Pending,Pending,"Attorney, investor friendly"
Wholesaler/Buyer,Steve Hendry Homes,,stevehendry@remax.net,+1-214-908-9188,http://www.stevehendryhomes.net,Dallas,TX,15150 Preston Road,,,,OpenStreetMap,osm_query_0,New,60,Pending,Pending,OSM ID: 4885326683 | Type: estate_agent
Wholesaler/Buyer,ULR Properties - Dallas,,,+1-214-233-6158,https://urbanleasing.com/dallas-apartments/,Dallas,TX,2320 North Houston Street,,,,OpenStreetMap,osm_query_0,New,60,Pending,Pending,OSM ID: 5159506514 | Type: estate_agent
Wholesaler/Buyer,Trinity Loft,,,+1-214-747-1403,https://www.trinityloft.com,Dallas,TX,1403 Slocum Street,,,,OpenStreetMap,osm_query_0,New,60,Pending,Pending,OSM ID: 5652981717 | Type: estate_agent
Wholesaler/Buyer,Fairways at Prestonwood,,,+1-214-453-5776,https://www.fairways411.com,Dallas,TX,5769 Belt Line Road,,,,OpenStreetMap,osm_query_0,New,60,Pending,Pending,OSM ID: 5707536358 | Type: estate_agent
Wholesaler/Buyer,Dutton & Sickler Properties LLC,,,,,Dallas,TX,,,,,OpenStreetMap,osm_query_0,New,60,Pending,Pending,OSM ID: 6561702802 | Type: estate_agent
Wholesaler/Buyer,D Realty Investments Inc,,,,,Dallas,TX,6705 Levelland Road,,,,OpenStreetMap,osm_query_0,New,60,Pending,Pending,OSM ID: 6561702808 | Type: estate_agent
Wholesaler/Buyer,Stuart Margol Companies,,,,,Dallas,TX,,,,,OpenStreetMap,osm_query_0,New,60,Pending,Pending,OSM ID: 6592041352 | Type: estate_agent
Wholesaler/Buyer,Granberry Commercial Properties,,maintenance@granberryproperties.com,+1-972-733-3333,http://www.granberryproperties.com/,Dallas,TX,17815 Davenport Road,,,,OpenStreetMap,osm_query_0,New,60,Pending,Pending,OSM ID: 7418270230 | Type: estate_agent
Wholesaler/Buyer,Epic Real Estate Partners,,,,,Dallas,TX,17194 Preston Road,,,,OpenStreetMap,osm_query_0,New,60,Pending,Pending,OSM ID: 7621980443 | Type: estate_agent
Wholesaler/Buyer,RE/MAX,,,,,Dallas,TX,,,,,OpenStreetMap,osm_query_0,New,60,Pending,Pending,OSM ID: 7833212352 | Type: estate_agent
Wholesaler/Buyer,Green Earth Realty,,,,,Dallas,TX,6220 Campbell Road,,,,OpenStreetMap,osm_query_0,New,60,Pending,Pending,OSM ID: 8740597314 | Type: estate_agent
Wholesaler/Buyer,"Sold My Land For Cash, LLC",,,+1-855-927-3570,https://soldmyland4cash.com,Dallas,TX,539 West Commerce Street,,,,OpenStreetMap,osm_query_0,New,60,Pending,Pending,OSM ID: 9819477214 | Type: estate_agent
Wholesaler/Buyer,Real Dallas,,,,,Dallas,TX,,,,,OpenStreetMap,osm_query_0,New,60,Pending,Pending,OSM ID: 10208081932 | Type: estate_agent
Wholesaler/Buyer,Century 21,,,,,Dallas,TX,,,,,OpenStreetMap,osm_query_0,New,60,Pending,Pending,OSM ID: 10767513785 | Type: estate_agent
Wholesaler/Buyer,"Bill Clarkson - Richardson, TX Luxury Real Estate Expert",,Bill@BillClarksonRealEstate.com,+1-214-708-3241,https://richardsontxrealestate.com,Dallas,TX,9661 Audelia Road,,,,OpenStreetMap,osm_query_0,New,60,Pending,Pending,OSM ID: 10770265629 | Type: estate_agent
Wholesaler/Buyer,One Realty,,,,,Dallas,TX,,,,,OpenStreetMap,osm_query_0,New,60,Pending,Pending,OSM ID: 11360686384 | Type: estate_agent
Wholesaler/Buyer,"Longhorn Land Partners, LLC",,,+1-832-271-4755,https://longhornland.org,Dallas,TX,"539 W. Commerce St, #273",,,,OpenStreetMap,osm_query_0,New,60,Pending,Pending,OSM ID: 11433988311 | Type: estate_agent
Wholesaler/Buyer,Daisy Greek,,,+1-214-617-6647,https://daisygreektx.com,Dallas,TX,12225 Greenville Avenue,,,,OpenStreetMap,osm_query_0,New,60,Pending,Pending,OSM ID: 11777696309 | Type: estate_agent
Wholesaler/Buyer,PREAM Lands,,,+1-469-840-4449,https://www.webuylandntx.com,Dallas,TX,6060 North Central Expressway,,,,OpenStreetMap,osm_query_0,New,60,Pending,Pending,OSM ID: 12211618282 | Type: estate_agent
Wholesaler/Buyer,Tx Home Buying Pros,,team@txhomebuyingpros.com,+1-214-296-2343,https://txhomebuyingpros.com/,Dallas,TX,4245 North Central Expressway,,,,OpenStreetMap,osm_query_0,New,60,Pending,Pending,OSM ID: 12409394625 | Type: estate_agent
Wholesaler/Buyer,Cushman & Wakefield,,,,,Dallas,TX,,,,,OpenStreetMap,osm_query_0,New,60,Pending,Pending,OSM ID: 13085079929 | Type: estate_agent
Wholesaler/Buyer,Engel & Völkers,,,,,Dallas,TX,,,,,OpenStreetMap,osm_query_0,New,60,Pending,Pending,OSM ID: 13111214525 | Type: estate_agent
Wholesaler/Buyer,A-List Properties,,Zach@alistproperties.co,+1 214-617-1113,https://www.texassellmyhouse.com/sell-my-house-fast-dallas-tx/,Dallas,TX,2900 North Fitzhugh Avenue,,,,OpenStreetMap,osm_query_0,New,60,Pending,Pending,OSM ID: 13132447257 | Type: estate_agent
Wholesaler/Buyer,Dave Perry-Miller,,,,,Dallas,TX,,,,,OpenStreetMap,osm_query_0,New,60,Pending,Pending,OSM ID: 13182263590 | Type: estate_agent
Wholesaler/Buyer,Keller Williams Realty,,,,,Dallas,TX,,,,,OpenStreetMap,osm_query_0,New,60,Pending,Pending,OSM ID: 13249065908 | Type: estate_agent
Wholesaler/Buyer,Sereno Oaks at Buckner Terrace by Impression Homes,,,+1-817-719-3111,https://www.impressionhomes.net/community/sereno-oaks-at-buckner-terrace/,Dallas,TX,4600 Samuell Boulevard,,,,OpenStreetMap,osm_query_0,New,60,Pending,Pending,OSM ID: 13270463554 | Type: estate_agent
Wholesaler/Buyer,Hunter Appraisal Services LLC,,marketing@hunterappraisal.com,+1-972-685-1806,https://www.hunterappraisal.com/,Dallas,TX,15150 Preston Road,,,,OpenStreetMap,osm_query_0,New,60,Pending,Pending,OSM ID: 13271836059 | Type: estate_agent
Wholesaler/Buyer,Evolve Real Estate,,,,,Dallas,TX,,,,,OpenStreetMap,osm_query_0,New,60,Pending,Pending,OSM ID: 13668317444 | Type: estate_agent
Wholesaler/Buyer,Gee Realty & Mortgage,,,,,Dallas,TX,8710 Greenville Avenue,,,,OpenStreetMap,osm_query_0,New,60,Pending,Pending,OSM ID: 13991114017 | Type: estate_agent
Wholesaler/Buyer,LBJ Station,,,+1-214-599-8997,https://www.lbjstation.com,Dallas,TX,8997 Vantage Point Drive,,,,OpenStreetMap,osm_query_1,New,60,Pending,Pending,OSM ID: 5651195719 | Type: property_management
Wholesaler/Buyer,Bluffs at Lakewood,,,+1 469-840-1692,https://www.bluffsatlakewood.com/,Dallas,TX,7510 East Grand Avenue,,,,OpenStreetMap,osm_query_1,New,60,Pending,Pending,OSM ID: 11919456797 | Type: property_management
Wholesaler/Buyer,Magnolia at Lakewood,,magnoliaatlakewoodtx-w@m.knck.io,+1 469-224-1175,https://www.liveatmagnolia.com/homes/tx/dallas/magnolia-at-lakewood--e2ad083cb4516/,Dallas,TX,2175 Tucker Street,,,,OpenStreetMap,osm_query_1,New,60,Pending,Pending,OSM ID: 11919456919 | Type: property_management
Wholesaler/Buyer,Winsted at White Rock,,,+1 469-945-6061,https://www.winstedatwhiterock.com/,Dallas,TX,2210 Winsted Avenue,,,,OpenStreetMap,osm_query_1,New,60,Pending,Pending,OSM ID: 11919456981 | Type: property_management
Wholesaler/Buyer,The Arbors Management Office,,,,,Dallas,TX,,,,,OpenStreetMap,osm_query_1,New,60,Pending,Pending,OSM ID: 13427616180 | Type: property_management
Wholesaler/Buyer,Modera Trailhead,,,+1-469-949-7088,https://www.moderatrailhead.com/,Dallas,TX,7532 East Grand Avenue,,,,OpenStreetMap,osm_query_1,New,60,Pending,Pending,OSM ID: 13604438814 | Type: property_management
Wholesaler/Buyer,Roseland Townhomes,,,,https://dhantx.com/properties/roseland-townhomes/,Dallas,TX,2021 North Washington Avenue,,,,OpenStreetMap,osm_query_1,New,60,Pending,Pending,OSM ID: 13668317424 | Type: property_management
Wholesaler/Buyer,Fifteen Forty Apartments,,,,https://fifteenfortyapts.com/,Dallas,TX,1540 Chenault Street,,,,OpenStreetMap,osm_query_1,New,60,Pending,Pending,OSM ID: 13793127438 | Type: property_management
Wholesaler/Buyer,Spring Hollow Apartments,,,,,Dallas,TX,2703 North Buckner Boulevard,,,,OpenStreetMap,osm_query_1,New,60,Pending,Pending,OSM ID: 13797645888 | Type: property_management
Wholesaler/Buyer,The Lake Lofts,,,,https://www.thelakeloftsapts.com/,Dallas,TX,2795 North Buckner Boulevard,,,,OpenStreetMap,osm_query_1,New,60,Pending,Pending,OSM ID: 13797645889 | Type: property_management
Wholesaler/Buyer,Monopoly Place Duplexes,,,,https://www.monopolyplace.com/,Dallas,TX,1104 Peavy Road,,,,OpenStreetMap,osm_query_1,New,60,Pending,Pending,OSM ID: 13941799319 | Type: property_management
Wholesaler/Buyer,Estancia Hills,,,,https://www.estanciahillsapts.com/,Dallas,TX,10986 Lochwood Boulevard,,,,OpenStreetMap,osm_query_1,New,60,Pending,Pending,OSM ID: 13949215159 | Type: property_management
Wholesaler/Buyer,Lakeridge Heights,,,,https://www.lakeridgeheights.com/,Dallas,TX,8783 Ferndale Road,,,,OpenStreetMap,osm_query_1,New,60,Pending,Pending,OSM ID: 13951306322 | Type: property_management
Wholesaler/Buyer,No Worries Home Sale,,,,https://noworrieshomesale.com,"Fort Worth, TX",TX,,,,,Web Directory,web_directories,New,60,Pending,Pending,"Foreclosure, divorce, inherited"
Wholesaler/Buyer,We Buy Houses Fast Dallas,,,,https://webuyhousesfastdallas.com,"Dallas, TX",TX,,,,,Web Directory,web_directories,New,60,Pending,Pending,"Residential, multi-family, commercial"
Wholesaler/Buyer,NetWorth Realty,,,,https://networthrealty.com,"Dallas, TX",TX,,,,,Web Directory,web_directories,New,60,Pending,Pending,Distressed properties nationwide
Wholesaler/Buyer,NTX Property Group,,,,https://ntxpropertygroup.com,"Dallas, TX",TX,,,,,Web Directory,web_directories,New,60,Pending,Pending,North Texas wholesaling
Wholesaler/Buyer,DFW Wholesale Properties,,,,https://dfwwholesaleproperties.com,"Dallas, TX",TX,,,,,Web Directory,web_directories,New,60,Pending,Pending,DFW wholesale
Wholesaler/Buyer,DFW Deal Board,,,,https://dfwdealboard.com,"Dallas, TX",TX,,,,,Web Directory,web_directories,New,60,Pending,Pending,DFW deal board
Wholesaler/Buyer,Browder Property Investments,,,,https://browderpropertyinvestments.com,"Dallas, TX",TX,,,,,Web Directory,web_directories,New,60,Pending,Pending,Wholesale opportunities
Wholesaler/Buyer,Sell Home Dallas,,,,https://sellhomedallas.com,"Dallas, TX",TX,,,,,Web Directory,web_directories,New,60,Pending,Pending,Dallas wholesaler directory
Wholesaler/Buyer,Turner & Partners LLC,,,,,"Dallas, TX",TX,,,,,Web Directory,web_directories,New,60,Pending,Pending,100+ assignments since 2020
Wholesaler/Buyer,AirBorn Estate LLC,,,,,"Dallas, TX",TX,,,,,Web Directory,web_directories,New,60,Pending,Pending,Phone: 813-683-2574
Wholesaler/Buyer,Leal Enterprises LLC,,,,,"Dallas, TX",TX,,,,,Web Directory,web_directories,New,60,Pending,Pending,"Zarek Scott Leal, Managing Partner"
Wholesaler/Buyer,Robert T.C. Sanders Attorney at Law PLLC,,,,,"Dallas, TX",TX,,,,,Web Directory,web_directories,New,60,Pending,Pending,"Attorney, investor friendly"
